{
  "image_resolution": [
    1920,
    1080
  ],
  "image_anchor": [
    1088,
    746
  ],
  "world_anchor": [
    267.0,
    0.0
  ],
  "image_transform": [
    [
      16.0,
      331.0
    ],
    [
      315.3333333333333,
      -28.666666666666668
    ]
  ],
  "world_transform": [
    [
      70.0,
      0.0
    ],
    [
      -0.0,
      70.0
    ]
  ]
}