{
  "image_resolution": [
    1920,
    1080
  ],
  "image_anchor": [
    674.25,
    664.75
  ],
  "world_anchor": [
    267.0,
    0.0
  ],
  "image_transform": [
    [
      10.333333015441895,
      237.1666717529297
    ],
    [
      231.9166717529297,
      -21.5
    ]
  ],
  "world_transform": [
    [
      50.0,
      0.0
    ],
    [
      -0.0,
      50.0
    ]
  ]
}